REFCODE,M,K_0,Delta_H_N2,r2
ABEXUC_clean,2.777951893,3.70E-05,-19176.85885,0.996718929
ABEXOW_clean,2.795456658,3.22E-05,-19374.68541,0.998860468
ABEXIQ_clean,3.086689681,2.09E-05,-20382.18525,0.996921463
ABUWOJ_clean,6.814578849,4.21E-05,-19758.34083,0.999582697
ABEYAJ_clean,2.752551369,3.81E-05,-18826.44925,0.997607525
ACALIB_clean,1.656733439,1.03E-05,-21518.76864,0.998567943
ACUBAB_clean,1.94549927,0.000215017,-13910.46845,0.999575525
ABEYIR,2.423018785,2.16E-05,-20358.08683,0.997393228
ACODED,4.942034463,9.17E-05,-18447.55079,0.999551974
ACOLIP_clean,5.152030085,3.49E-05,-20494.18304,0.998503151
ADAXEK_clean,4.026822865,7.86E-05,-18753.96764,0.9991188
ACOLUB_clean,6.289160082,9.31E-05,-16099.87323,0.99979981
ADABAK01_clean,1.91314258,9.75E-06,-20400.30339,1
ACUTOI_clean,2.145415746,8.11E-05,-18963.8955,0.998158913
ADOBOL_clean,2.252706525,4.41E-05,-18628.36151,0.999451167
ADOBAX,2.487272135,6.82E-05,-17598.22498,0.99940978
AFOTUL_clean,6.883483629,7.03E-05,-17474.30495,0.999538164
AFOVAT_clean,7.614338512,0.00010072,-16228.70875,0.999187651
AFIXAO_clean,4.151996357,0.000130352,-15651.57386,0.999448511
AFOVIB_clean,6.916863557,7.11E-05,-17320.00599,0.999296397
AFUPEX_clean,7.7010672,5.40E-05,-17611.35104,0.999582147
AGUWUV_clean,2.716781193,3.90E-05,-18634.56603,0.998327166
AFOQUI_clean,2.251924816,7.95E-05,-17536.1236,0.997980215
AJAYIT_clean,1.90329171,3.89E-05,-19820.97719,0.996581396
AHINIP_clean,1.406492808,2.47E-05,-22250.00473,0.996907149
AGAXOV_clean,11.93142873,0.00018412,-12151.91983,0.999421777
AHUTIH01_clean,3.596595894,2.55E-05,-17709.2052,0.997653718
ALUJOH_clean,4.846890057,3.92E-05,-19583.26442,0.99880089
ALIXUP_clean,5.358918006,8.23E-05,-12867.62034,0.998409981
ALAMUW_clean,16.52073421,0.000231606,-11360.06833,0.999847946
AMAFOK_clean,2.293335001,0.000167475,-17182.14639,0.998882058
ALULID_clean,9.070337911,9.97E-05,-15690.43876,0.998134746
AMILUE_clean,5.092928384,0.000240991,-14241.3443,0.997156027
AMIMEP_clean,5.0637562,0.000223796,-14376.65932,0.996346915
AMIXEA_clean,1.76378964,9.58E-06,-26975.45335,0.996900784
ALULAV_clean,27.81545841,0.000177484,-10522.79724,0.999922848
ANENEN_clean,3.108977343,4.40E-05,-19780.26933,0.99667978
APEBED_clean,2.239853865,5.05E-05,-20052.69141,0.998326452
ALUKIC_clean,47.76637448,0.000118776,-10129.41897,0.999734422
ANUGUM_clean,17.06820164,0.000147422,-12934.58829,0.999899036
AMUXAI_clean,6.268605958,0.00022526,-12010.87348,0.999248352
AQETUM_clean,2.786416506,0.000168488,-12675.1492,0.997381035
AQUCOF_clean,9.228679104,0.000154897,-12325.22123,0.999816235
ASACON_clean,2.048227265,0.000132843,-16804.98443,0.998860582
AROFAP_clean,5.575966384,5.81E-05,-19637.63111,0.999158596
AQUDAS_clean,9.573830871,0.000195554,-11663.5809,0.999847036
ANUGIA_clean,25.57240089,0.000205039,-10420.64011,0.999652329
AROFET_clean,10.70666109,0.000122643,-14273.79971,0.999706829
ATAFIK_clean,7.587858747,0.000134364,-15137.88914,0.999842958
ATIBOU_clean,2.530799825,7.08E-05,-16264.58086,0.999363265
ATIBAG_clean,2.659120544,7.50E-05,-15998.43392,0.998827293
ATIBOU01_clean,2.470331549,9.76E-05,-15711.0898,0.999599063
ATICAH_clean,2.534307697,0.00012818,-14874.82189,0.999188065
ATIBUA_clean,2.510930078,5.41E-05,-16907.93355,0.998837914
ATICEL_clean,2.474421049,8.56E-05,-15771.68058,0.998560158
ATOXEN_clean,2.327096966,5.53E-05,-19633.05917,0.998594981
AVAQIX_clean,4.460571139,5.35E-05,-20402.84209,0.998805183
ATIBIO_clean,2.373587526,0.000117592,-13313.86589,0.998957971
AVEROJ_clean,3.652408627,0.000245319,-13382.83733,0.999782777
AVEMAQ_clean,8.214468891,0.000109548,-15010.40377,0.999797117
AVELOD_clean,8.695841742,0.000121657,-14715.5426,0.999922782
ATOWIQ_clean,12.38095691,0.000132955,-13364.70096,0.999813754
AVESAW_clean,1.42636018,4.03E-05,-21055.42648,0.996900299
ATOWOW_clean,12.29122866,0.000131867,-13368.09609,0.999551914
AVIPAX_clean,7.645310486,0.000119465,-16406.43615,0.999651931
AVEMOE_clean,2.98074561,3.82E-06,-22710.5685,0.995035145
ATIJUJ_manual,10.4090259,0.000218676,-10045.42025,0.999611938
AVIMUO_clean,3.352991932,3.96E-05,-19939.35832,0.998539528
AXUHIL_clean,2.877512488,5.77E-05,-19985.50558,0.99861268
AVUDAX_clean,5.986149357,0.00011176,-15973.64048,0.999957825
AWEJIW_clean,4.464956022,0.000185175,-14928.57819,0.997222101
AWAGEL_clean,7.702558854,0.000133214,-14026.85306,0.999831467
BAKGAX_clean,2.873228124,2.05E-05,-21208.74942,0.998482432
BAHMAZ_clean,3.072121264,4.30E-05,-19997.75974,0.999418469
BACMOH_clean,5.073018952,7.19E-06,-18163.45849,0.999997151
BENXOJ,3.137206685,2.78E-05,-20765.18889,0.999166072
BARZAW_clean,1.424803061,0.000111452,-17915.09434,0.998089953
BAKJEE_clean,9.198219685,0.000175389,-14575.58624,0.999844578
AXUBAW_manual,17.29279045,0.000215321,-10578.24866,0.999823448
BARZUR_clean,6.737119183,0.000119124,-17585.00573,0.999928781
BAKJII_clean,8.97799331,0.000115144,-15989.15639,0.999627737
BASJUB_clean,5.939234969,0.000118888,-16768.05688,0.999825976
BAWRUO_clean,3.377576885,3.68E-05,-18526.59736,0.999135627
BANMAG_clean,3.734316773,0.000155199,-12107.20707,0.999774833
BAXSIE_clean,3.001196196,3.51E-05,-21134.69554,0.998928065
BENXUP_clean,3.304970585,3.16E-05,-20493.68486,0.998647122
BAZJIX_clean,11.06154925,0.000155902,-14183.25761,0.999628502
BEGBOG_clean,5.581951968,1.15E-05,-18109.47045,0.999386385
BELYIC_clean,9.463270929,5.59E-06,-20705.48264,0.999878784
BEPMEQ_clean,6.419428512,0.000183844,-11909.018,0.998917192
BEPMAM_clean,9.987807294,0.000176786,-11897.00048,0.9993281
BEPLUF_clean,10.29396574,0.000173255,-11834.87231,0.999700922
BEPMIU_clean,8.054041663,0.000151474,-11656.49229,0.999441347
BEPNOB_clean,8.691250556,0.000161316,-12597.82118,0.998776099
BEPNUH_clean,5.961861217,0.000245158,-11021.65509,0.999534874
BEPVAV_clean,1.776264788,3.77E-05,-20015.475,0.99539756
BEPNIV_clean,9.471471734,0.000157221,-12544.47103,0.999786266
BEPPAP_clean,6.294178965,0.000219591,-11437.28266,0.999657466
BEPVID_clean,2.481574812,0.000185549,-16292.22233,0.998898679
BEPPIX_clean,8.538716407,0.000157295,-12332.13818,0.999866552
BEPRIZ_clean,13.80813824,0.000150314,-13351.66734,0.999901584
BEPROF_clean,13.72877285,0.000201769,-13354.55172,0.999896191
BEPVEZ_clean,2.692776578,8.21E-05,-17755.56234,0.998282048
BERFIP_clean,1.633915119,2.07E-05,-20623.58449,0.999066253
BEPPOD_clean,8.670757423,8.27E-05,-14205.2055,0.999805614
BERGAI_clean,2.149041504,5.55E-05,-21166.5975,0.998948929
BETDAH_clean,7.029690786,7.92E-05,-17695.30942,0.99953209
BETFAJ_clean,7.424835926,7.32E-05,-18175.87103,0.999360535
BETFUD_clean,7.499700932,7.66E-05,-17989.17619,0.999356136
BEPYIG_clean,3.287976716,0.000130179,-15096.92721,0.999428359
BETFEN_clean,7.692442642,9.87E-05,-17164.03862,0.999147477
BEXTUV_clean,4.845933896,2.56E-05,-21591.63402,0.996703304
BETGAK_clean,7.693041202,7.72E-05,-17762.83838,0.999729447
BEXPAX_clean,16.52990942,0.000151456,-13718.01875,0.999780698
BEXSAA_clean,7.578372372,4.36E-05,-18346.99246,0.999779625
BIMDEF_clean,4.950561841,4.67E-05,-19398.40104,0.999539427
BIVXEK_clean,2.143270031,5.69E-05,-18664.23027,0.99944469
BEYSEF_clean,5.424533084,0.00012555,-14974.84964,0.999696328
BIMDIL_clean,4.934378391,5.75E-05,-19616.83591,0.999724116
BIFKEI_clean,7.267514375,0.000109136,-16245.22299,0.999623529
BICDAU_clean,20.97919626,0.000206546,-10513.36055,0.999720958
BIHMUC_clean,2.189050478,9.91E-05,-16821.09285,0.997217836
BEZSIK_clean,4.648045478,0.000100913,-13309.61136,0.999027257
BOJCIN_clean,3.138778757,9.18E-05,-17553.69857,0.999392049
BORBEQ_clean,6.532822597,3.88E-05,-19350.0977,0.999875316
BONMEX_clean,9.417375557,0.000114963,-16407.04971,0.999959268
BIBXUH_clean,17.23866701,0.00016848,-12018.02111,0.999907814
BUSQUC_clean,1.393377006,4.76E-05,-22106.11298,0.998459123
BUSQEM_clean,5.585876788,4.50E-05,-20586.73974,0.995754229
BIYTEJ,3.115738415,0.000220799,-14345.28863,0.999233455
BOLPEY_clean,9.824496404,0.000163033,-14204.65772,0.999871068
BUVYEX_clean,3.560132367,7.22E-05,-16869.64385,0.9997839
BUKMUQ_clean,13.91844866,9.95E-05,-14199.64705,0.999599771
BUVYIB_clean,11.8498551,0.000147464,-14573.97546,0.999731442
BUVXOG_clean,2.896150715,0.000112917,-16007.85995,0.999030631
CADQOP_clean,7.000018361,6.76E-05,-17881.55186,0.997822753
BUWGEG_clean,5.266289622,0.000130224,-13156.03158,0.999043769
CAKXET_clean,2.657825499,1.38E-05,-24169.94023,0.996008972
CAKYAQ_clean,2.62019209,1.83E-07,-34372.7659,0.997873026
CANRIU_clean,8.44699023,9.17E-05,-16921.58884,0.999713816
CANRUG_clean,9.733494344,6.59E-05,-17789.43249,0.99955057
CAKYIY_clean,3.238164466,2.55E-06,-23893.76083,0.998015718
CAWGAJ_clean,2.288893734,2.34E-05,-20695.34455,0.99780573
CAWDOU02_clean,7.671856974,0.000127813,-15285.28446,0.999698756
CAWVIH_clean,3.704601187,4.65E-05,-19791.7564,0.999266307
CAXXEG_clean,5.218696721,7.01E-05,-17134.82521,0.999713678
CAXVII_clean,8.975421748,0.000234938,-11524.78591,0.998554088
CAXWAB_clean,10.13500325,0.000206851,-11540.21671,0.99980032
CAXVOO_clean,9.842654034,0.000175446,-11894.8047,0.999818555
CAXVUU_clean,9.230334747,0.00011886,-13142.93175,0.999542331
CAYDEN_clean,1.569645522,0.000107908,-17434.38439,0.999244783
CAYDOX06_clean,1.672773184,8.84E-05,-17581.16451,0.99888348
CAYDIR_clean,1.657568113,0.000162572,-16164.04101,0.999156347
CAYGIU,1.70086406,9.11E-05,-17504.89737,0.998930749
CAXWEF_clean,12.56380426,9.92E-05,-12702.76942,0.999121701
CAXWIJ_clean,9.312755403,0.00018842,-12022.2389,0.999442258
CAYKEU_clean,6.156627021,9.70E-06,-23344.08119,0.99727981
CAYMIZ_clean,3.199440903,5.15E-05,-20102.45844,0.998803902
CAYBAH,3.692991998,4.46E-05,-17487.20383,0.999396072
CAYBAH01,3.68964805,2.57E-05,-18462.97837,0.999483136
CAZGIT_clean,1.877482367,5.12E-05,-20850.87658,0.999604725
CECVOW_clean,1.692132941,1.58E-05,-22789.67372,0.996432994
CAZFOA_clean,2.471982904,9.16E-06,-21637.52818,0.997174476
CEGFAW_clean,2.169878015,6.69E-05,-17777.90799,0.999179889
CECVIQ_clean,1.818925928,1.47E-05,-22455.60114,0.996383258
Cd3BTB2,9.348406393,0.000103187,-16012.06568,0.999499532
CEBDOD_clean,1.958621923,3.81E-05,-19213.64967,0.993762555
CAYSOK_clean,3.967611984,5.62E-05,-15962.37283,0.999727632
CEGDUO_clean,1.784878778,9.87E-05,-17464.39186,0.999518889
CEHKUW_clean,7.429254428,0.000140934,-14248.5636,0.999817844
CELZEA_clean,4.378421743,4.75E-05,-18125.6056,0.999250592
CEJBEA_clean,1.787079489,0.000146474,-15415.17429,0.999071057
CEFLEF_clean,3.876724794,2.27E-05,-18658.8125,0.997032955
CENPUI_clean,5.078729339,5.47E-05,-21085.54525,0.997422429
CEHPIP_clean,2.664741564,3.21E-05,-21166.71507,0.993423576
CELZIE_clean,2.116668454,5.13E-05,-20199.09993,0.994619805
CEKHIL_clean,21.5943561,0.00019631,-11318.48029,0.999820982
CEYPUT_clean,3.669040755,0.000100364,-19879.41904,0.999638162
CEHWIX_clean,5.762010767,7.87E-06,-19721.20146,0.995715358
CETFOX_clean,4.856688237,0.000108044,-15957.55397,0.998523919
CETVAA_clean,1.686976122,6.25E-05,-22781.40084,0.998309979
CENKAJ_clean,6.719649353,4.55E-05,-16134.88424,0.997919695
CIFJAE_clean,4.849026427,0.000200654,-16321.47405,0.999027943
CIFDUS_clean,7.302958301,8.77E-05,-16774.37695,0.999512734
CEZNAY_clean,1.651327837,2.36E-05,-20139.10975,0.997417439
CIFDOM_clean,7.94953717,0.000113564,-15989.38044,0.999669048
CITZIP_clean,3.87285789,0.000161029,-15482.26112,0.999826006
CIDKUX_clean,7.618140777,0.000224821,-12297.06448,0.999156444
CIVTEH_clean,5.320976146,7.55E-05,-17413.14979,0.999677821
CODFEH_clean,2.303555023,7.63E-05,-15285.47711,0.999981472
CIJVOH01_clean,9.185785403,8.58E-05,-13124.43066,0.999825708
CIJVOH_clean,7.271959422,0.000136577,-12557.39121,0.999681723
COF-1,7.964176904,2.26E-05,-19743.10799,0.999410666
CIFMEL_clean,18.95855905,0.00022758,-9985.304007,0.999686222
CIWYUD_clean,4.416968171,0.000113775,-16027.54961,0.998663367
Co-DOBDC,9.973795259,0.000170576,-11986.45014,0.99917938
COMDOY_clean,5.060112433,0.00014001,-16730.97138,0.999764193
Co26NDP,15.99172438,0.000192116,-12397.73542,0.999771141
COGWEB_clean,7.877164696,0.000115115,-15997.91958,0.999893615
COWMIL_clean,7.537690102,5.60E-05,-17450.27196,0.998777063
COF-300,19.85708459,0.000100309,-13285.98603,0.999474278
COJHIT_clean,16.51533934,0.000210641,-11561.39998,0.999748669
COXXIX_clean,3.934571765,1.91E-05,-18796.1219,0.99490862
COYCEZ_clean,6.132763125,0.000112732,-15395.43648,0.999890638
COYTEQ_clean,3.167304242,1.04E-05,-24751.00223,0.99711471
COWXOC_clean,2.408542816,7.25E-05,-18747.83645,0.998746468
COYTIU_clean,3.252252486,5.09E-06,-26522.00894,0.99075084
CUCSAU_clean,5.404792864,8.64E-05,-17093.63545,0.999681457
CUMDIY_clean,1.591032502,4.13E-05,-22173.01608,0.994876797
CUMDOE_clean,3.048456589,8.10E-05,-16906.79143,0.997534057
CUHPUR_clean,11.82133245,0.000174124,-13101.96158,0.999844693
COYCID_clean,11.33885689,0.000179966,-11625.12333,0.999883551
CUNWEO_clean,4.774454738,0.000115719,-15637.89131,0.999805983
CUVGOQ_clean,6.190786948,0.000165826,-16530.89858,0.9997115
COWMOR_clean,8.555967165,0.000138099,-13563.87242,0.999440666
CUVXAT_clean,5.794759315,0.000150653,-15293.93581,0.999735832
CUYHIO_clean,2.162047845,6.46E-06,-20493.89278,0.999988966
CUTKOS_clean,3.582922384,6.01E-05,-20530.64669,0.999479107
CUYWUP_clean,9.171830654,8.66E-05,-17110.59718,0.99985531
CUYQIX_clean,3.148419636,1.62E-05,-18409.52421,0.999465582
CUYVOI_clean,2.169183575,1.96E-05,-21578.50856,0.996531226
CUNFOH01_clean,4.520823332,0.000293452,-10410.98185,0.999381116
CUYYEB_clean,5.27090685,8.73E-05,-18008.08387,0.999192465
DACXUB_clean,2.356402515,5.78E-05,-21566.57769,0.998428657
CUVTUJ_clean,10.09255522,0.000209041,-11457.82712,0.999774735
DACYAI_clean,2.304878486,7.30E-05,-20994.1184,0.997975597
DAGDUL_clean,3.823565867,2.82E-05,-20734.37317,0.999706594
DAGDIZ_clean,3.595510945,7.52E-05,-17198.95864,0.999244721
CUNFOH_clean,5.206554594,0.000242966,-10340.06278,0.999243493
DAJHOM_manual,2.869875556,3.28E-05,-21468.16292,0.999128512
DAJHUS_clean,1.564520062,5.41E-05,-20578.40314,0.997863466
DARCUW_clean,6.183666345,0.000125121,-15963.12245,0.999883608
DABWUA_clean,11.71500182,5.21E-05,-16431.72985,0.999700009
DARCOQ_clean,7.573498667,0.000125928,-15689.71526,0.99977599
DANZOJ_neutral,6.101612915,0.000154573,-14023.37778,0.998223628
DALCEZ,1.810416157,5.14E-05,-18106.05339,0.999333498
DARDOR_clean,6.494997845,0.000142375,-15247.86831,0.999776976
DARDEH_clean,6.820686914,0.000128179,-15486.54207,0.999722903
DARFEJ_clean,6.338581308,0.000145724,-15408.85373,0.999562836
DAPBIH_neutral,5.739890297,0.000273699,-12940.65441,0.998280738
DARFIN_clean,6.153302043,0.000116422,-15957.76315,0.999812229
DARDAD_clean,6.229149032,0.000151199,-15484.74825,0.9999121
DAWBIO_clean,2.568885911,0.000108613,-18303.45204,0.999057847
DAVYEG_clean,0.880588368,1.33E-05,-28138.26218,0.997789178
DATHAJ_clean,2.4871266,5.82E-06,-25477.79788,0.994745524
DAWBUA_clean,2.852417582,9.83E-05,-18696.99644,0.998042271
DAWCAH_clean,2.899545365,0.000112759,-18445.72758,0.998907647
DAWCOV_clean,8.860521856,9.02E-05,-16924.35015,0.99986804
DAXGUG_clean,3.503512272,7.49E-05,-19658.97307,0.999692812
DAWBOU_clean,2.60518487,5.63E-05,-19930.10186,0.999478626
DAWWIJ_clean,3.617363635,2.87E-05,-18707.53731,0.998011451
DAWDAI_clean,2.188711304,4.58E-05,-20969.66793,0.99679667
DAXKOE_clean,3.558790528,6.09E-05,-18227.33954,0.999011287
DAXNOG_clean,4.216397587,8.56E-05,-19041.91199,0.998777557
DAWWEF_clean,9.60551662,0.000127098,-13015.82015,0.999882222
DAXHIV01_clean,12.03602408,0.000124259,-13485.59838,0.999737707
DEBGIA_clean,3.457825348,2.00E-05,-21580.85767,0.997811828
DEGJIK_clean,2.462300838,4.12E-05,-20643.99707,0.999157876
DAXHIV_clean,11.70558589,0.000192625,-12512.1153,0.999581807
DAXHUH01_clean,10.87472521,0.000152262,-13364.22356,0.99974109
DEHLAF_clean,1.796853863,1.79E-05,-23669.77373,0.996498442
DEJCEB_clean,4.44298276,3.38E-05,-21707.07791,0.999445964
DEKHEH_clean,4.921785499,7.25E-05,-18603.42073,0.999547993
DEFKUU_clean,3.975426431,5.42E-05,-17033.06617,0.997193291
DEKHUX_clean,5.800339576,8.40E-05,-17710.82317,0.999592629
DEPXAY_clean,9.575400446,5.48E-05,-17465.64068,0.999922341
DEJRUH_clean,6.177446635,9.56E-05,-17079.82222,0.999586839
DEYJIC_clean,4.636106336,8.28E-05,-17657.39138,0.999347396
DEQFOU_clean,5.095925881,2.99E-05,-17487.13216,0.999170786
DEPXIG_clean,5.414726306,9.29E-05,-17697.39826,0.999758476
DEYVUA_clean,9.705062709,8.92E-05,-16993.8853,0.999886372
DEYJOI_clean,5.054237722,7.24E-05,-17859.16403,0.999417299
DEYXIQ_clean,5.478726074,1.98E-05,-22058.62675,0.999552891
DEYLUQ_clean,3.010315196,7.46E-05,-16654.16353,0.999150397
DIBXOD_clean,2.058335679,1.56E-05,-22176.29389,0.998424942
DIBXAP_clean,1.94568626,3.17E-05,-20361.17204,0.997031248
DIBXAO_clean,3.136617944,9.57E-06,-18777.46324,0.998583111
DIDBEZ_clean,8.885018297,9.83E-05,-16359.38448,0.999876421
DICVES_clean,6.676085871,3.02E-05,-20415.31358,0.99885069
DIMQOH_clean,4.345603504,0.000108134,-14752.60032,0.999188316
DIXKOL_clean,4.161090171,0.000211506,-14794.67024,0.999578799
DICVAO_clean,6.565207885,2.88E-05,-20718.59379,0.998864255
DEZKAW_clean,11.23815403,8.27E-05,-13872.08644,0.999629746
DODHUA_clean,1.757584778,3.02E-06,-25985.25376,0.998072117
DOCKOW_clean,2.251589255,0.000104569,-16225.14363,0.999070137
DOKHOB_clean,2.366022124,2.69E-05,-20803.21045,0.991130519
DONNAW01_clean,6.147130073,7.07E-05,-17697.99772,0.99878713
DIDDOK_clean,30.55899617,0.000183522,-10483.14743,0.999791335
DOQRUW_clean,3.818618769,9.75E-05,-19004.28745,0.998035148
DORFOG_clean,4.110217397,1.91E-05,-19306.8345,0.999824085
DOLXOR_clean,13.69380102,0.000144071,-8506.578786,0.999201523
DOLXOR01_clean,19.08454374,0.000146308,-7654.893768,0.999021574
DORDUK,3.43352204,4.26E-05,-21623.40363,0.998234465
DOTSOV03_clean,8.463998829,0.000268242,-12324.89094,0.998957944
DOTSOV06_clean,8.508133282,0.000244638,-12534.2637,0.998979734
DOTSOV04_clean,8.898293735,0.000390979,-11286.44555,0.998858759
DOTSOV05_clean,8.683753911,0.000269243,-12241.56258,0.99870154
DOTSOV07_clean,8.404526612,0.000296745,-12088.7519,0.999335472
DOTSOV09_clean,9.134652832,0.000283969,-11957.49133,0.998542066
DOTSOV02_clean,8.99768975,0.000312825,-11787.6571,0.998011538
DOTSOV14_clean,8.80776523,0.000376171,-11393.33888,0.998524612
DOTSOV13_clean,8.617547653,0.00025056,-12418.7332,0.998898227
DOTSOV12_clean,8.635456201,0.000328025,-11786.5726,0.998977899
DOTSOV15_clean,9.158028052,0.000271345,-12012.1085,0.998787021
DOTSOV19_clean,8.589041106,0.000257753,-12366.73439,0.998309842
DOTSOV16_clean,8.878124148,0.000281962,-12041.14628,0.998584231
DOTSOV18_clean,8.961052502,0.000276625,-12089.25716,0.999135036
DOTSOV21_clean,8.877663713,0.000298543,-11916.49876,0.998668685
DOTSOV20_clean,8.853615512,0.000365636,-11436.96603,0.998333114
DOTSOV22_clean,8.736729001,0.000354608,-11571.00084,0.998683249
DOTSOV27_clean,8.445857049,0.000259411,-12452.99224,0.998789651
DOTSOV24_clean,8.550968867,0.000302627,-12039.23785,0.999159988
DOTSOV28_clean,8.671913855,0.000321216,-11836.82745,0.998155414
DOTSOV26_clean,8.67154265,0.000269692,-12269.71852,0.999033187
DOTSOV25_clean,8.673991684,0.000301653,-11988.75436,0.998470345
DOTSOV29_clean,8.580750081,0.000254039,-12431.01871,0.998522021
DOTSOV37_clean,8.859205552,0.000235565,-12566.73933,0.998815757
DOTSOV33_clean,8.851849357,0.000298451,-11991.47022,0.998703903
DOTSOV35_clean,8.927114181,0.000323645,-11784.36452,0.998288401
DOTSOV31_clean,8.595019982,0.00030431,-12017.53516,0.998429853
DOTTUC_clean,3.745072827,6.65E-05,-20703.62226,0.998284917
DUBWON_clean,6.395416706,5.82E-05,-17990.33732,0.999334359
DOTSOV42_clean,8.281784561,0.000324112,-11772.41171,0.99893587
DOYLIM_clean,4.21890089,0.000115599,-14288.21733,0.999153141
DUQCAU01_clean,2.669945863,9.92E-06,-22814.07584,0.992274351
DUQCAU_clean,2.500916789,1.67E-05,-22035.5462,0.991140612
DUCGEO_clean,4.90824542,0.000119979,-15219.48565,0.999628852
DOTSOV41_clean,9.098422919,0.000266273,-12172.42998,0.998359743
DOTSOV40_clean,9.129701888,0.00029174,-11970.83488,0.998752186
DUXKUD_clean,5.129744544,9.15E-05,-15696.85111,0.999421198
EBEMEE_clean,1.710032153,4.77E-05,-19116.69717,0.999043863
EBELUU_clean,6.748738636,9.72E-05,-16701.60168,0.99952489
DUXMAL_clean,5.357209033,4.07E-05,-21324.72035,0.999414995
EBEMOO,1.703857322,7.65E-05,-18323.18027,0.999159421
DUFGOB_clean,5.771666266,0.000121976,-12732.53669,0.998983785
EBATUY_clean,4.232927671,8.52E-05,-17812.44015,0.999636379
EBEMII_clean,1.783337525,3.90E-05,-20556.63566,0.998268571
EBEWIT_clean,5.025216209,8.89E-05,-16449.50185,0.999471567
EBEXAM_clean,5.792847845,0.000104401,-15396.84056,0.998352396
EBEXEQ_clean,4.956764635,6.84E-05,-17432.58358,0.999349107
EBEWOZ01_clean,4.367442641,0.000158041,-15297.76921,0.998419013
EBEXEQ01_clean,4.994570029,6.83E-05,-17352.95238,0.999478276
EBEWOZ_clean,4.452422958,0.000196814,-14770.52398,0.999491139
ECODEG_clean,4.188584704,5.68E-05,-20597.46269,0.998196842
DUXZIG01_clean,13.51520338,0.000129545,-10735.73167,0.999877264
EBIHII_clean,6.73128963,0.000184094,-13926.29106,0.999698688
ECASAD_clean,1.999226172,4.46E-06,-23797.14779,0.997769529
ECOROD_clean,3.25629246,2.08E-05,-21747.49546,0.998440632
ECEZAO01_clean,2.921740627,7.54E-05,-18635.53047,0.998331621
ECEZAO_clean,3.736618814,3.93E-05,-20747.09641,0.998764755
EDABOC_clean,2.279486866,2.96E-05,-22770.61622,0.994774274
EDADET_clean,1.768365014,2.00E-05,-22006.18293,0.997892266
ECODIK_clean,7.060917073,5.68E-05,-17858.51935,0.999242496
EDADIX_clean,4.207571072,4.00E-05,-20457.87005,0.998895951
EDAFUM_clean,2.378544321,8.43E-05,-16521.9009,0.999357398
EDAGEX_clean,2.462599962,7.64E-05,-16690.75428,0.998832074
EDAGAT_clean,2.419590307,5.71E-05,-17132.2545,0.998688966
ECUDOX_clean,3.872061595,8.87E-06,-22511.77382,0.995873115
EDOMAM_clean,10.59070791,0.000148141,-14179.20191,0.999543906
EGATOW_clean,7.652796667,0.000108643,-15282.63227,0.999842266
EFOSUO_clean,3.380173274,9.48E-05,-14025.72824,0.999082729
EGELUY01_clean,9.907717553,7.97E-05,-16920.08564,0.999658833
EFOTEZ_clean,3.956603457,8.25E-05,-12843.92172,0.999838143
EDUSIF_clean,27.23172613,0.000203741,-9038.203762,0.999104666
EJEFOP_clean,1.121664339,3.08E-06,-27197.91805,0.996612821
EGEJIK_manual,14.10702515,0.00023112,-11131.48186,0.999638483
EHALOP_clean,10.92610933,0.000142705,-15081.08201,0.999646557
EGELUY_clean,9.556165696,9.31E-05,-16646.61253,0.999232516
EKOPIE_clean,7.21586036,8.62E-05,-16671.45082,0.999956426
EFOTID_clean,3.309570824,7.36E-05,-13266.37352,0.999294699
EKOPOK_clean,5.977073154,5.22E-05,-19098.29291,0.999402777
ELAFUT_clean,2.600562382,5.13E-05,-20889.89122,0.996374618
EJONOH_clean,3.438880987,4.45E-05,-17357.83104,0.998586521
ELILER_clean,3.373325708,6.66E-05,-18904.77847,0.999254941
EMITUQ_clean,7.064860186,0.000184435,-14422.54818,0.999928674
EMICUZ_clean,1.274021901,6.32E-06,-23680.87177,0.99648863
EMIVAY,3.724248708,5.50E-05,-21919.59549,0.999676329
EMIYEF_clean,1.801823938,5.71E-06,-23305.07388,0.999730628
EMOSOP_clean,2.015244322,2.13E-05,-19106.43283,1
EPOXAJ_clean,2.015259564,1.86E-05,-20926.32116,0.998662872
EPEWEC_clean,4.680848878,4.23E-05,-19707.28504,0.999714239
EPEWAY01_clean,4.57898428,3.38E-05,-20311.53938,0.998822284
ESEVIH_clean,3.761422679,0.00015858,-15563.50845,0.999626437
EQOCES_clean,2.975446302,0.000192295,-16887.24359,0.999280131
EQOCIW_clean,2.89522035,0.000184667,-17172.53887,0.998813917
ESEQUO_clean,4.969705044,6.36E-05,-17290.40825,0.999446816
ETEJIX01_clean,8.128206153,6.96E-05,-17056.84386,0.996954603
ETEJIX_clean,7.292291801,7.29E-05,-17374.6977,0.996731177
EVOMOR01_clean,3.35421486,2.80E-05,-22750.31316,0.999098452
ETEKEU_clean,7.443761202,0.000167857,-13953.51746,0.999614115
ETEJOD01_clean,8.054389014,6.69E-05,-17434.39842,0.997136152
ETEKAQ01_clean,6.750280681,9.39E-05,-15668.12932,0.997610638
ETEKAQ_clean,6.598857332,8.08E-05,-17683.95371,0.996371184
EWUCOP_clean,6.673632362,5.40E-05,-17941.89045,0.999753564
EWESIJ_clean,2.252217119,0.000115496,-16556.71995,0.999876326
EXEQII_clean,9.614311257,9.89E-05,-15831.64694,0.999575979
EYOPUE,2.835619735,9.53E-05,-19965.91531,0.996603353
EXEWAG_clean,6.54335816,0.000146479,-15109.26449,0.999869855
EZABEN_clean,3.440878697,8.96E-05,-17360.99959,0.998896827
EXOTUH,7.703216838,0.000137532,-15368.72324,0.999821211
EYUWAW_clean_h,6.492424321,0.000116005,-16027.07076,0.999579147
EXOZEX_clean,4.243283823,6.01E-05,-17429.87389,0.998997428
FAFDEX_clean,2.988328872,7.38E-05,-18375.81644,0.998622927
EYULOA_clean,3.108977362,6.54E-05,-20496.38386,0.999781331
EXIBUI_clean,1.646862884,0.000125925,-15961.92317,0.996472093
EZUCIM_clean,6.958174025,8.33E-05,-17635.67175,0.99967502
FAFMAC_clean,3.781006708,0.000177383,-14490.32903,0.999511954
FAGREM_clean,5.427348756,8.80E-05,-15651.13039,0.999665053
FAFGAU_clean,1.828941261,3.52E-05,-18821.19733,0.996355623
FAHFUR_clean,6.646589381,9.98E-05,-17736.77081,0.999553725
FAGFUQ_clean,10.89505304,0.000163624,-13691.85406,0.999741998
FALQOA_clean,0.698000444,2.12E-05,-26744.00964,0.997594898
FALVUL_clean,4.061814376,1.80E-05,-22592.79824,0.995419954
FAMBUS_clean,5.755215229,9.30E-05,-16456.41672,0.999143728
FAKLIO_clean,13.27065973,0.000297898,-11276.03835,0.999882461
FAKGOP_clean,2.415445484,1.27E-05,-20333.30117,0.995696655
FAPTIB_clean,8.729118562,0.000112114,-15570.0276,0.99989441
FAKMAH_clean,12.21388012,0.000229332,-12418.82952,0.999790964
FAPTUN_clean,8.364849762,0.000102788,-16352.37638,0.999877028
FAKLOU_clean,9.620439474,0.00030126,-11857.06696,0.999261823
FAPTOH_clean,9.207828271,9.64E-05,-15713.92887,0.999794971
FAQVEA_clean,3.009129492,2.17E-05,-19256.32978,0.999222903
FASQUN_clean,2.004088084,6.90E-05,-20507.56187,0.999328829
FANWOI,5.501232853,0.000143274,-13871.82035,0.999874998
FAQYUR_clean,1.930631441,3.53E-05,-19008.36905,0.998010394
FAPVAV_clean,8.578784262,0.000116964,-15879.36613,0.999665012
FATLUJ_clean,3.31139165,0.000182207,-15503.54952,0.999746307
FAZRAA_clean,2.083488936,7.25E-05,-20207.23867,0.998686084
FAZPED_clean,2.337195076,0.000162524,-15391.40468,0.999726901
FECKAA_clean,4.944983693,5.17E-05,-19525.92248,0.999162044
FECWOB01_clean,2.583992437,6.81E-05,-17659.59046,0.996332564
FECWOB,2.514094391,2.08E-05,-20220.81566,0.996672588
FEDBEX_clean,3.53309081,0.000160423,-13653.57898,0.999168345
FAZZEM_clean,2.666767201,9.04E-06,-21212.22182,0.996894577
FECZAQ_manual,9.061224601,0.000146959,-13152.58366,0.999651513
FEFDEB_clean,22.05741634,0.000270638,-9853.352026,0.999626466
FEFCUQ_clean,12.92039832,0.000177571,-13044.99002,0.999827444
FELWIE_clean,0.83006903,0.000161183,-17294.73306,0.999451946
FEFZOF_clean,3.828637625,4.31E-05,-17115.59669,0.9993789
FELVID_clean,0.830514802,0.00015294,-17311.30629,0.999092522
FEHCOM_clean,10.31727164,9.54E-05,-14451.29088,0.999925765
FEWGUL_clean,1.827513922,3.71E-05,-21368.87003,0.997983158
FEVSAC_clean,3.698127892,3.09E-05,-17611.1809,0.999737357
FERCAH,4.56009128,5.99E-05,-19763.12911,0.998287446
FEXCES_clean,6.404034336,0.000142676,-16306.84856,0.999271279
FIBHEF_clean,1.986942265,9.03E-05,-18300.04199,0.998747208
FEZREJ_clean,6.781941451,8.87E-05,-16005.90286,0.999601232
FIBHIJ_clean,2.60654145,8.80E-05,-17818.77165,0.997897141
FIGQUJ_clean,1.555348455,6.50E-05,-19021.27783,0.998230777
FEWTUY_clean,7.160776858,0.000531018,-11270.47709,0.99691042
FIGXAW_clean,2.421934828,3.64E-05,-21897.09591,0.999026616
FEYQIK_clean,7.396916094,1.01E-05,-21201.61906,0.998577659
FERHAN_clean,9.494194824,0.000269511,-12277.64571,0.998610886
FIJDIM02_clean,4.571746647,8.64E-05,-17887.13015,0.99907673
FIJCUX01_clean,6.697918063,0.000128517,-14613.42099,0.999927655
FIHFAF_clean,4.73348033,0.000115956,-16800.58889,0.999524428
FIHRIZ_clean,6.034330574,0.000159106,-15884.32085,0.999689201
FIJCUX_clean,5.973664545,0.000132707,-14882.89544,0.999602686
FIJDIM06_clean,4.575981755,9.09E-05,-17711.79099,0.999042341
FIJDIM07_clean,4.637446771,0.000105998,-17332.22361,0.999080872
FIJDIM11_clean,4.421116606,9.68E-05,-17605.60551,0.998911894
FIJDIM04_clean,4.504702133,0.000105692,-17446.32475,0.99917269
FIJDIM09_clean,4.75553805,7.62E-05,-18003.98811,0.998253033
FIJDIM12_clean,4.455258756,8.24E-05,-18069.07065,0.998779694
FIJDIM_clean,4.365332784,6.84E-05,-18539.20625,0.99836681
FIMXUW_clean,1.737046243,1.46E-05,-23989.32634,0.99177426
FIMNIA_clean,4.777965368,0.000129121,-12877.18092,0.999312499
FIQYOU_clean,2.538764911,8.04E-05,-16121.96842,0.998814849
FINQUQ_clean,5.606483621,9.85E-05,-13373.73596,0.998801699
FIRVEH_clean,4.024432246,3.19E-05,-18702.51698,0.998554646
FIPWUY_clean,3.612567226,6.99E-05,-21301.28635,0.998895049
FINQOK_clean,5.959802291,0.000160786,-12083.64891,0.999724142
FIQYUA_clean,2.354534849,3.05E-05,-18824.79815,0.999917859
FITJAU_clean,2.865272114,2.08E-05,-19850.23664,0.997471395
FITJEY_clean,1.980972683,4.57E-05,-17072.92774,0.999279353
FIVYUF_clean,2.510234761,4.03E-05,-21094.19792,0.998409083
FIVYEP_clean,2.278273706,0.000196798,-13125.49405,0.999707332
FOHCIP_clean,3.571140958,4.32E-05,-17532.30158,0.999472601
FOHSAW01_clean,2.693048564,1.10E-05,-22119.79911,0.999891466
FOHCAH_clean,5.853023067,2.54E-07,-28317.04281,1
FIQCEN_clean,8.956106639,0.000276955,-12099.86697,0.998934171
FULQOT_clean,2.937841179,6.75E-05,-18931.24869,0.999256231
FIVYEP01_clean,2.086461847,0.000283765,-12564.99023,0.999789193
FOHQUO_clean,3.426469245,2.11E-05,-18420.56058,0.999380302
FULQUZ_clean,3.86195279,9.39E-05,-17342.3662,0.999150608
FUNBAS_clean,4.443084679,7.17E-05,-18756.93812,0.998896245
FUNBEW_clean,11.94308508,0.000280044,-11566.57013,0.999796097
FUNCAT_clean,6.418138407,0.000277885,-13677.03816,0.997368583
FUSWIA_clean,8.78776341,0.000119059,-14576.85938,0.999497673
FUNBOG_clean,13.56147689,0.000385454,-10238.01951,0.999705751
FUTKEL_manual,6.079521473,0.000125909,-15718.47757,0.999295213
FUNCEX_clean,14.63679921,0.000367378,-10156.42356,0.999557571
FUTDII_clean,10.56903679,0.000190724,-12439.49729,0.999874943
FUZKAN_clean,2.634271693,2.85E-05,-21819.51,0.996622487
FUTCAZ_clean,14.79445309,0.000102888,-13614.37432,0.998503539
FUWXOL_clean,3.582339462,5.31E-05,-20720.6404,0.998249666
GAJVAQ_clean,2.074020536,4.02E-05,-18643.11012,0.998902247
GACPUX_clean,6.443208511,9.69E-05,-16510.38979,0.999651595
GALBUS,8.621862991,9.92E-05,-16339.50161,0.999942568
GALCED_clean,5.127515193,0.000117088,-16192.62916,0.999802887
GALCAZ_clean,5.328023835,0.000133747,-15052.68408,0.999671023
GAMTUK_clean,1.420057116,1.16E-05,-21751.25908,1
GAXGIX_clean,1.596952679,8.37E-05,-21565.47291,0.99896563
GAXKUN_clean,9.931647244,0.000164777,-14560.92304,0.999926734
GAXWAF_clean,5.697945561,6.35E-05,-18583.10122,0.998248551
GAXGET_clean,1.679947164,2.90E-05,-23612.82376,0.998214592
GAYFOD_clean,4.79033397,0.000215169,-15972.95704,0.999263
GAXQIH_clean,2.753892814,4.20E-05,-19826.3046,0.998102569
GAXGOD_clean,1.620636067,7.22E-05,-21972.57076,0.99842183
GAXKOH_clean,7.499611536,0.00025391,-12872.13934,0.999592202
GAXWEJ_clean,2.555378841,2.17E-05,-23523.51682,0.998027281
GAYFUJ_clean,5.954965236,0.000110202,-16243.93303,0.999130348
GAXDIS10_clean,5.905636873,0.000209118,-10742.998,0.999708177
GEDQIR_clean,8.160748012,0.000105588,-16620.775,0.99926385
GEDLIM_clean,4.034057406,4.49E-05,-20210.45536,0.996879347
GEDSEP_clean,4.501418058,4.27E-05,-21023.7533,0.99932447
GEDDEA_clean,5.647766596,0.000109963,-14892.76358,0.999701544
GEDSIT,2.956236544,2.14E-05,-22886.59501,0.997918014
GEDSUF_clean,5.432264123,4.57E-05,-19880.75174,0.999493374
GEDSOZ_clean,7.768070614,5.65E-05,-18798.187,0.999465013
GELJAJ_clean,2.922823978,4.00E-06,-25248.71369,0.997696783
GEGSIW_clean,5.309977741,0.000131311,-16898.98707,0.999370903
GEHSAN_clean,2.283846125,2.07E-05,-21830.21661,0.998862152
GEPDIQ_clean,3.246016404,3.20E-05,-21177.74716,0.997912681
GEDDAW_clean,17.74503817,9.10E-05,-11604.20725,0.999827631
GEDTAM_clean,7.458868122,6.17E-05,-18579.02625,0.99895043
GERPUP_clean,2.972385363,0.000339955,-10911.0214,0.99872545
GEWXAJ_clean,1.63840628,3.16E-05,-22806.70146,0.997162389
GERNOI_clean,6.074016044,7.17E-05,-17193.5958,0.999677849
GESFAN_clean,4.913507641,0.000177715,-12421.31779,0.999289274
GIDKOU_clean,2.719763513,2.94E-05,-22281.1316,0.998615071
GIFKIP_clean,3.692734707,6.99E-05,-17424.82637,0.998591504
GETXEK_clean,15.44826776,0.00019036,-11880.91159,0.999434436
GIFKAH_clean,4.122892081,8.92E-05,-16330.20144,0.998559914
GIKMOD04_clean,2.791549921,1.16E-05,-21090.57121,0.999264873
GIKMOD02_clean,2.255051057,1.05E-06,-27460.20391,0.996147543
GIKMOD01_clean,2.817165524,4.37E-06,-23261.04025,0.999333111
GIKMOD05_clean,2.845241886,6.36E-06,-22422.03651,0.998365221
GIKMOD07_clean,2.642508911,1.02E-05,-21850.85063,0.996258241
GIKMOD06_clean,2.652027982,1.39E-05,-21063.77512,0.997979481
GIKMOD08_clean,2.361208621,8.78E-07,-28085.24785,0.999993639
GIKMOD10_clean,2.303271546,1.55E-06,-26927.45616,0.998285584
GIKMOD12_clean,3.213956387,1.85E-05,-19372.77074,0.997731402
GIKMOD_clean,2.887826077,1.82E-05,-20212.08304,0.995765685
GIMSIG_clean,5.24000256,0.000124033,-15673.40148,0.999685727
GIKQIC_clean,2.33937641,3.55E-06,-23327.72436,0.994507247
GIKMOD11_clean,3.182737335,7.34E-06,-21305.18126,0.996895998
GIQXOU_clean,4.241530621,3.32E-05,-19027.36011,0.998038974
GIRGUL_clean,2.570713201,1.54E-06,-26183.71059,1
GIQZIQ_clean,5.818296339,5.19E-05,-20021.85218,0.999721035
GIQYOV_clean,5.425228743,8.95E-05,-15339.12394,0.997550506
GIRDUI_clean,2.386365371,3.07E-05,-20821.32555,0.999178279
GITWIQ_clean,2.788582699,6.94E-05,-17913.81116,0.998891399
GIYSOX_clean,2.247816395,0.000105696,-18790.38227,0.99960714
GITTIN,7.150617824,0.000135202,-12631.45206,0.999594055
GIYSEN_clean,2.412563024,0.000133905,-17914.10666,0.998599319
GITTOT_manual,8.888292196,0.000184318,-12238.57303,0.999799879
GIZJOP_clean,2.568979858,8.91E-05,-19374.02331,0.999652642
GOFDAH,4.240958816,0.000119255,-18569.2048,0.999734651
GIZVER_clean,4.573510696,1.45E-05,-19624.72672,0.998287243
GOGWAB_clean,7.630182077,8.03E-05,-17172.90595,0.999634576
GIYSUD_clean,5.313034461,0.000163433,-15568.48948,0.999850341
GOJDOZ_clean,2.583736351,2.08E-05,-20467.24751,0.99577101
GIYTIS_clean,7.715127763,0.000195183,-13607.94479,0.999621263
GIYTAK_clean,6.378324454,0.000152741,-15037.25396,0.998620312
GIVDUL,3.187112545,0.000126985,-12991.66321,0.999382548
GUFREF_clean,2.782551049,3.05E-05,-20591.44094,0.996194208
GOKBUE_clean,3.048349598,0.000199971,-13648.5304,0.99946102
GUPBEZ,0.961443108,8.12E-05,-18758.79902,0.995325338
GULPIN_clean,2.511817193,2.49E-05,-21073.97377,0.998555025
GUJVIR_clean,2.916221604,2.37E-06,-25686.55227,0.990630455
GURZID_clean,2.657017569,4.11E-06,-23407.09139,0.998657863
GULWOA_clean,8.608170779,0.000108323,-13186.36702,0.999080302
GUWDUY_clean,6.338338976,0.000174015,-15421.33343,0.999443507
GUYLOC_clean,6.383831523,0.00015032,-15232.56582,0.999679616
GUYMAP_clean,6.222105549,0.000161794,-15180.18395,0.999778373
GUPBUP_manual,10.47374467,0.000149922,-11466.02808,0.999506528
GUYLUI01_clean,1.992942666,3.29E-05,-21359.39534,0.995785322
GUXPOF_clean,3.088019954,0.00016372,-15532.20812,0.999651451
HAFQUC_clean,8.460243626,7.33E-05,-16888.38788,0.999490582
GUPCUQ01,7.763036028,0.000243834,-10814.8272,0.999738057
GUYLUI_clean,1.936794854,1.89E-05,-22576.63096,0.995864044
HABZEQ_clean,1.933586245,4.26E-05,-19734.15143,0.998338274
HAJLEK_clean,1.22529887,0.0001058,-19924.54831,0.998452638
HAFQOW_clean,9.984430976,8.68E-05,-16826.64221,0.99974879
HAFVOB_clean,6.291392478,7.64E-05,-18330.26823,0.999624624
HAJLOU_clean,1.241352732,8.15E-05,-20400.66041,0.99933251
HAJLUA_clean,1.262868732,8.78E-05,-20113.74602,0.998495469
HAFWUI_clean,2.078841061,3.00E-05,-22306.30129,0.998514672
GUNFAW01_clean,25.32006582,0.000359631,-6495.450938,0.999677516
HAFVUH_clean,9.678715654,0.00011327,-15145.86529,0.999530546
HAJMEL_clean,1.252375149,9.01E-05,-19713.25389,0.998607038
HAJMAH_clean,1.27665697,0.000194972,-18048.82068,0.998708349
HAKCIG_clean,2.010602504,3.70E-05,-21300.13628,0.998266109
HAMREU_clean,2.407025849,4.24E-05,-19051.47332,0.997838309
HAMJOW_clean,9.699343104,0.000124003,-15578.80465,0.999892214
HAWYUB_clean,2.61582451,0.000174387,-17204.57218,0.998863543
HAFTOZ_clean,30.70167616,0.000267908,-8639.155463,0.999474794
HAWWOT_clean,10.99416164,7.46E-05,-14992.41495,0.999829691
HAWWIN_clean,10.4992822,7.39E-05,-15163.90227,0.999520085
HAWWUZ_clean,11.3948767,8.96E-05,-14431.95958,0.999330243
HEBGUS_clean,0.848327,7.98E-05,-23127.12009,0.998620591
HARNAR_clean,1.700249357,1.41E-05,-20386.44413,0.996236397
HEBTAL_clean,3.82343361,3.61E-05,-20706.99334,0.998473935
HEBTEP_clean,3.718845861,5.94E-05,-20010.53148,0.998957311
HEBZAR,2.845782966,0.000187892,-15304.74769,0.999249428
HEBZEV,3.724972218,0.000136754,-16039.92928,0.999475067
HAXMUP_clean,4.566509989,0.000221813,-11676.19389,0.999600684
HEBJAB_clean,2.709592391,0.000125993,-15973.35479,0.997568919
HEDCEA_clean,2.378420007,3.51E-05,-21204.44787,0.994930535
HEGJUZ_clean,4.504913287,0.000120696,-17587.11785,0.999748992
HEKTAU_clean,6.286632927,5.76E-05,-18948.37972,0.999547008
HEDTER_clean,2.367236829,1.16E-05,-24612.04136,0.998264509
HEKTUO_clean,3.390471077,2.95E-05,-21822.29293,0.999073941
HEDBOJ_clean,4.891936161,5.47E-06,-24023.35452,0.999445138
HESVOR_clean,2.378951816,1.32E-05,-21894.54458,0.997986049
HEXNII_clean,2.449762182,1.71E-05,-24222.69516,0.998374097
HENYUV_clean,2.439011599,2.12E-05,-20341.64361,0.997506212
HEDBUP_clean,4.802322411,8.10E-06,-23194.59471,0.998718282
HEZKIH_clean,4.583643708,2.34E-05,-21674.89328,0.99863916
HEDCIE_clean,6.356229851,0.000134034,-15467.25789,0.999603559
HICVOG_clean,5.100689734,3.72E-05,-21757.62438,0.999721966
HIBGEF_clean,3.026562591,4.41E-05,-18783.55065,0.998578779
HELDEJ_clean,1.692187979,7.66E-05,-20040.58995,0.998520777
HICVUM_clean,4.495973552,0.000103779,-18138.53202,0.999341848
HIBGIJ_clean,2.475828674,4.56E-05,-17260.39357,0.999610736
HIFGOU_clean,3.647305023,7.14E-05,-20578.38836,0.997222008
HIFGIO_clean,9.300910081,0.000266903,-12120.72428,0.999788401
HGCNCO_clean,3.854061835,9.24E-05,-14240.17011,0.999693964
HIFTUM_clean,2.95028373,0.000137575,-15653.81162,0.999388404
HEZSEK_clean,2.337414454,4.01E-06,-22629.72972,0.997798309
HEZSAG_clean,2.303589596,4.51E-05,-18207.29694,0.991438951
HIFTOG02_clean,6.66012415,9.76E-05,-15490.6377,0.99985779
HIFTOG_clean,6.80346147,9.78E-05,-15431.46275,0.999870703
HIFVOI_clean,8.20856524,0.000244099,-12754.14877,0.999759572
HIFWAV_clean,4.381950949,0.00012223,-15852.87654,0.999082227
HIHGOW_clean,8.771895038,0.000122309,-16145.22777,0.999756688
HIMSAY_clean,5.462343972,3.69E-05,-21105.46284,0.995926805
HIFVUO,10.04593653,0.000251109,-11648.43024,0.999830672
HIHJUF,2.510794972,9.03E-05,-19044.97694,0.997858956
HIWLOO_clean,1.457638554,3.87E-05,-22240.1941,0.998831761
HIWKEE_clean,4.469799439,4.58E-05,-18235.4544,0.998858415
HIHNUJ_clean,14.47338221,0.000211669,-12670.72692,0.999763607
HIYZEV01_clean,4.555475196,8.18E-05,-17388.43146,0.999317026
HOGSIG_clean,3.822283599,8.53E-05,-16927.40038,0.998582922
HIXDOH01_clean,2.609973182,7.14E-05,-16560.65927,0.999692932
HOGLEV01_clean,10.93367708,0.00018942,-13304.87436,0.99948054
HIFTOG01_clean,38.07068484,0.000229138,-7878.272939,0.999583548
HIZQEN_clean,4.237631496,3.30E-05,-19805.72182,0.997274039
HOGTOM_clean,2.074638052,0.000181167,-13108.42051,0.998508278
HOPHUP_clean,3.556919465,4.37E-06,-24000.05095,0.999731225
HOWPOZ_clean,6.627634114,8.95E-05,-15954.37854,0.999680513
HIGRIA_clean,25.87893376,0.000186955,-10166.30608,0.999771045
HORCOH_clean,3.891456775,1.33E-06,-23782.10935,1
HOWQAM_clean,9.315559875,0.000165282,-14192.02683,0.9998701
HURGUX_clean,2.642596718,6.29E-05,-20749.22262,0.998965176
HOWPUF_clean,10.36470872,0.000115293,-14199.39519,0.999586538
HOYTUL_clean,3.081841278,5.40E-05,-18068.97578,0.999247718
HURGUX01_clean,2.610107926,5.72E-05,-20889.54239,0.998625638
HUTTIA_clean,2.461708085,5.79E-05,-20456.61501,0.997204803
HUTZAX01,1.639531802,7.72E-05,-19416.70297,0.998611241
HURGEH_clean,9.430622144,0.000157862,-12943.50805,0.999799966
HUTZEB_clean,2.905948123,3.28E-05,-20631.0336,0.996847435
IBARUA_clean,1.966811328,6.26E-05,-18533.25181,0.996910348
IBICED_clean,5.719085916,0.000197293,-11930.1424,0.999546628
IBICAZ_clean,7.050808002,0.00016881,-12331.51607,0.998798531
IBICIH_clean,7.126002847,0.0001677,-12298.26556,0.999377223
IBICON_clean,6.164011371,0.000161555,-12217.51099,0.999851898
IBUDOZ_clean,2.464788855,7.42E-05,-19439.62286,0.998992502
IBOZIK_clean,8.062351123,0.00012523,-14961.71789,0.999767893
ICAGAU_clean,2.550231379,4.54E-05,-18590.98035,0.998689045
IBUYAH_clean,1.290201049,6.78E-05,-17320.267,0.992678815
IBIDAA_clean,6.069331143,0.000167963,-12172.05403,0.999377148
IBICUT_clean,7.452636483,0.00017046,-12145.8041,0.99975014
IBITUK_clean,3.778678504,5.71E-05,-17939.68817,0.998740401
IBOTAU_clean,2.75996667,0.000210343,-14364.62601,0.998988652
ICOWON_clean,6.247661083,7.86E-06,-22760.12408,0.999743997
ICAGOK_clean,11.638703,0.000177302,-13209.0628,0.999898381
ICALOP_clean,13.53587602,0.000173249,-13494.03049,0.999712385
IDAGUR_clean,2.535195238,3.86E-05,-17606.99987,0.99809216
IDUDES_clean,3.386790875,3.55E-05,-22618.85204,0.999647813
ICEGED_clean,12.24102814,0.000140536,-13157.01584,0.999241176
ICANEH_clean,2.376028647,3.37E-05,-21109.41327,0.997734437
IDAGOL_clean,2.894079733,4.06E-06,-20690.78497,0.999358568
IDIWOH_clean,9.066919911,0.000127871,-14157.21337,0.999499612
ICORAV_clean,2.443591841,7.67E-05,-15180.40852,0.996080285
IDUDIW_clean,6.887673247,2.93E-05,-19454.21125,0.999287117
IFEQAN_clean,3.239530923,0.000103564,-15154.16487,0.998857943
IFEHUY_clean,11.43213219,0.000133643,-12408.39972,0.999565999
IFASOZ_clean,16.73674898,0.000169712,-11294.71225,0.999711802
IGAHED01_clean,4.10073183,3.60E-05,-18895.41299,0.998118628
IGAHED02_clean,3.740403733,4.18E-05,-18983.55515,0.999285859
IFEPUG_clean,3.413838871,0.000108759,-14857.98157,0.997393096
IFEQIV_clean,3.593887806,5.78E-05,-15491.36877,0.998824183
IGAHAB_clean,4.766617754,0.000208857,-15098.56858,0.998259758
IGAHED_clean,3.972122297,4.73E-05,-18412.37596,0.999182312
IHIWIF_clean,2.089266832,2.44E-05,-21488.07287,0.997566544
IDIWOH01_clean,9.49923229,0.000154132,-13519.94866,0.999619912
IJASAO01_clean,3.839821537,0.000102967,-18237.30073,0.998228745
IGOCOX_clean,7.780439862,0.000134278,-14180.77201,0.999752732
IJASAO_clean,3.638628458,6.20E-05,-19606.47375,0.998314502
IJASIW_clean,2.247647671,2.31E-05,-22429.84546,0.997883616
IJOMOJ02_clean,2.582841459,0.000142044,-14490.54656,0.996408055
IJEXUR_clean,1.811137102,0.00013537,-16482.41047,0.995900025
IJOMOJ04_clean,2.618184524,6.65E-05,-16314.86942,0.999037491
IJOMOJ06_clean,2.62428413,8.91E-05,-15494.52129,0.999407173
IKEBUV01_clean,7.112787216,6.05E-05,-16205.98872,0.999193195
IKEBUV_clean,7.621235819,9.36E-05,-14953.54047,0.999069386
ILIFOY_clean,1.989539156,0.000178985,-16381.74225,0.999685776
IJOMOJ07_clean,2.52740418,0.000101075,-15312.75457,0.997971919
ILIGAL_clean,2.08942614,9.65E-05,-17824.01061,0.998636473
ILIGEP_clean,1.998369987,0.000200405,-16283.27832,0.999638928
ILOJOJ_clean,2.842824203,0.000105469,-17937.11977,0.998996023
ILUGOM_clean,2.916877129,1.05E-05,-21051.63539,0.999478516
ILIFUE_clean,2.079854336,0.000141609,-16849.86702,0.999213612
ILOTOT_clean,2.017593772,2.72E-06,-26308.99878,0.9968426
ILOJEZ_clean,2.028829233,2.36E-05,-19918.00065,0.999556303
IKETOH_clean,8.439304327,0.000294919,-12005.09498,0.998489699
ILUJEF_clean,2.330994201,4.23E-05,-17880.06281,0.998117084
ILUHUT_clean,2.189202913,3.23E-05,-18718.05524,0.998225292
INIRAY_clean,3.21166837,0.000131593,-15343.48962,0.999893731
ILUJAB_clean,2.460785455,4.74E-05,-17423.49041,0.995438934
INESIE_clean,1.655233558,1.25E-05,-21495.07517,0.997240826
ILUJIJ_clean,2.878259652,1.47E-05,-19841.59835,0.994263883
INOVEN_clean,7.491950706,7.86E-05,-17371.89889,0.999728803
IMACZN01_clean,1.557330682,3.60E-05,-21599.76508,0.992032632
INIQUR_clean,2.992186776,0.000157664,-15152.50612,0.999519011
IQIJIC_clean,2.933834961,6.87E-05,-19905.8013,0.999244824
IPIDAN,3.111307233,2.51E-05,-23490.68429,0.99986169
IPIFAP_clean,4.584966182,0.000174762,-13798.90219,0.999724659
IQEWOQ_clean,2.614501504,8.94E-05,-15754.52787,0.997727962
IPIDUH_clean,3.149913669,6.44E-05,-18735.81555,0.999164898
IRISAD01_clean,6.780191015,8.69E-06,-17441.2352,0.999798878
ISIKIF_clean,2.667634719,3.05E-05,-18151.39003,0.99842514
IRMOF-6,22.10597272,0.00023981,-9568.477307,0.999709125
ISOHEE_clean,10.35595449,0.000185283,-13366.11996,0.999633393
ISOJOQ,8.339786871,8.87E-05,-16499.9483,0.999696798
IRMOF-7,21.12097675,0.000169064,-10847.32959,0.999737425
ITETEH_clean,3.528254688,2.45E-06,-22956.58264,0.999967703
ITIBOD_clean,1.910412949,1.07E-05,-23820.9869,0.999007427
ITIWUE_clean,3.710093048,3.18E-05,-21872.74668,0.997443089
ITIWOY_clean,3.621143801,2.93E-05,-22048.47454,0.997023251
IVEGEV_clean,2.651881846,8.42E-05,-19731.86366,0.999669906
ISUCUV_clean,6.36794689,7.96E-05,-17342.04562,0.999723154
IWELIG_clean,2.744827058,4.31E-05,-22746.88797,0.999378111
IRMOF-1,34.24546736,0.000255061,-7920.905543,0.999825259
IVEHEW_clean,12.5555146,9.51E-05,-14366.67122,0.999542292
IVARUT_clean,2.008409628,2.14E-05,-20839.06596,0.998741221
IWELIG01_clean,2.789653583,4.76E-05,-22377.15152,0.999523694
IXISAJ_clean,2.85330963,6.25E-05,-20694.22363,0.998657901
IVETOT_clean,16.54749214,0.000203786,-11698.14851,0.999754064
IXISOX_clean,2.410218888,7.64E-05,-20692.99474,0.998106371
IXEQIL_clean,2.396937228,2.31E-06,-27868.88899,0.995898612
IXAJUN_clean,8.305881507,9.50E-05,-16689.96957,0.999373009
IXODUV_clean,8.015575564,0.000160875,-13998.32458,0.999756855
IXOFEH_clean,6.99062338,0.000155684,-14422.82639,0.999187387
IXAKAU_clean,12.29776969,0.000199057,-12880.27197,0.999842633
IXURAV_clean,2.930682859,2.97E-05,-24070.13246,0.9977099
IXOFOR_clean,7.046839839,0.000175436,-14245.83925,0.999721083
IXUREZ_clean,5.632906187,4.55E-05,-19345.14799,0.999682665
IXOFAD_clean,8.369614035,0.000186794,-13503.23642,0.999551788
IXOFUX_clean,8.472069562,0.000144356,-14076.63226,0.999566945
IXUWII_clean,7.591707234,0.000113207,-16742.00939,0.999738648
IXUWOO_clean,5.011974605,7.14E-05,-19539.06959,0.998694426
IXOFIL_clean,7.875836336,0.00012999,-14498.81572,0.999580901
IXOFUX01_clean,8.234053099,0.00024773,-12830.17848,0.999720337
IYUJAO_clean,3.195213701,0.000135948,-16682.02472,0.997941602
IZUMUM_clean,4.0745712,9.35E-05,-16214.75548,0.999902411
IZEHAX_clean,2.790627622,2.97E-05,-21257.66736,0.999257125
JASNAT_clean,4.416045069,4.95E-05,-19818.58387,0.99827508
IZEBEV_clean,1.235339335,3.41E-05,-18926.51388,0.999532322
JEJKEP_clean,3.121324321,3.44E-05,-21214.76109,0.997971179
JEBCOJ_clean,2.105758721,8.96E-05,-17617.12727,0.997565735
IYIHUU_clean,11.40657849,0.000353167,-11050.52788,0.999354989
JEDJUY_clean,3.76698723,7.85E-05,-18264.9115,0.995653802
JEJWIF_clean,10.70823752,0.000106043,-14869.14612,0.999890901
JETNOL_clean,3.363230466,1.78E-05,-19671.03084,0.994648788
JETZAK_clean,9.656395148,0.000103183,-16893.56603,0.99950455
JEWCAP_clean,2.854476685,0.000167388,-14464.01294,0.999444491
JEMNAR_clean,2.993818602,3.24E-05,-21387.24226,0.998068651
JITPOS_clean,2.961424138,6.82E-05,-18036.77467,0.99984356
JEJWOL_clean,17.25579475,0.000142396,-12696.82198,0.999292855
JIVHIG_clean,3.768247088,0.000105505,-18195.31489,0.999520266
JIVFUQ_clean,6.539966121,0.000138328,-14933.41582,0.999692695
JIXWUJ_clean,2.295188052,8.46E-05,-16211.93762,0.998446475
JIXWUJ01_clean,2.333462715,7.58E-05,-16434.32182,0.999333351
JEXSOV_clean,1.231699859,5.59E-07,-29337.65378,0.999824341
JOHFIW_clean,5.874957495,7.92E-05,-17001.49082,0.999127133
KAFTUI_clean,2.01567172,3.90E-05,-21540.97667,0.997726845
KANDEK_clean,2.811857319,4.55E-05,-20062.91003,0.997213197
JUTCUW_clean,7.998846146,0.000261476,-9968.773404,0.999583089
KABXIW_clean,6.715416285,0.000113434,-16450.93326,0.999704077
KALGAH_clean,7.837225158,7.42E-05,-17813.89711,0.999236101
KANDIO_clean,4.868637836,5.89E-05,-18445.15917,0.999133056
KAMZUV_manual,6.818931955,0.000257827,-11556.83626,0.999404242
KAPHOZ_clean,3.897295962,5.37E-05,-18135.4769,0.99933972
KAVGAQ_clean,5.11736214,7.09E-05,-18996.19068,0.999190286
KAHNOX_clean,18.78994833,0.000119433,-8231.330392,0.999534468
KASRAZ_clean,9.824394823,9.59E-05,-15865.49043,0.999905705
KAVRIK_clean,2.244928616,8.00E-05,-17486.86207,0.999117866
KAWBOB_clean,7.138807886,0.000117427,-14784.01817,0.99961234
KAVROQ_clean,1.569261095,9.79E-05,-17099.09798,0.998693269
KAXQOR01_clean,1.472309859,7.66E-05,-23671.09101,0.999495185
KAVREG_clean,1.541855382,6.44E-05,-17775.11017,0.99930883
KAXQIL_clean,1.486718162,0.000105128,-22721.56943,0.99889086
KAVLID_clean,1.852904721,1.43E-05,-20717.68738,0.993531997
KAXQOR_clean,1.607731112,4.10E-05,-23384.47051,0.997517109
KAXZUG_clean,0.843820779,4.27E-05,-21951.21206,0.998997587
KAVTUY_clean,1.60176824,1.37E-05,-21633.93246,0.994814513
KEDQAN_clean,3.709797459,4.20E-05,-19997.36862,0.998980723
KAYCIY_clean,7.694308714,9.67E-05,-17135.29355,0.999631949
KAYBUJ_clean,4.936014182,0.000135563,-17583.32999,0.998949151
KEJBOQ_clean,4.794305847,4.91E-05,-20836.62523,0.999587875
KEJHIQ_clean,4.781432802,5.08E-05,-20521.55749,0.998955576
KEQZAJ_clean,1.595970089,2.95E-05,-24192.65498,0.998980475
KEFBEE_clean,21.09725541,0.000202061,-10849.47339,0.999820301
KESGAS_clean,3.955333256,7.95E-05,-18218.44255,0.999612762
KENJEU_clean,4.231956034,8.08E-05,-17039.72711,0.999805614
KEFBOO_clean,17.48976899,0.000282632,-10667.39008,0.999848923
KETHEY_clean,3.033223149,6.24E-05,-20906.65566,0.999511588
KETSEI_clean,1.63498616,1.35E-05,-21304.51422,0.998418451
KEVWUF_clean,10.08939113,1.94E-05,-18796.56315,0.999378459
KEXKEF_clean,3.270996974,2.53E-05,-20524.83901,0.998949293
KEXKAB_clean,3.923121587,4.86E-06,-23732.73716,0.999447968
KIDDIM_clean,3.903573143,5.37E-05,-19984.75445,0.999286237
KIDDOS_clean,4.388741138,3.04E-05,-21636.52556,0.999463204
KEWZOD_clean,12.22009308,0.000149616,-14030.16426,0.999829544
KIFKEQ_clean,7.896947865,5.64E-05,-19363.43546,0.99968335
KIFWUT_clean,0.959787722,6.29E-05,-20678.20354,0.997640183
KEXPOU_clean,3.869813757,1.29E-05,-21301.49407,0.997805243
KIFJUF_clean,10.70611582,0.000104083,-15185.54125,0.99945167
KIFXOO_clean,3.836238673,4.02E-05,-19335.56779,0.99162395
KIGCEK_clean,9.508916761,0.000102001,-13326.37173,0.999557162
KEYYET_clean,3.152473808,0.00010091,-13046.40636,0.999309721
KINDIW_clean,2.275296093,2.53E-05,-22151.89997,0.998758075
KINFAQ_clean,6.929265649,4.17E-05,-18089.64202,0.999591686
KINFEU_clean,5.212513883,6.46E-05,-17876.01998,0.999206823
KINHAS_clean,2.503521917,6.02E-05,-19389.32052,0.998418054
KINJUO_clean,2.489922109,2.89E-05,-21495.21977,0.999507245
KINKAV_clean,2.496572636,1.46E-05,-22980.49944,0.992198228
KIQKOK_clean,2.555325296,7.25E-06,-20660.46993,0.999563736
KIPJIE_clean,3.112568009,4.39E-05,-17482.81489,0.994651081
KIVDUP_clean,4.061840576,9.03E-06,-20389.73188,1
KIPZEQ_clean,4.076103227,6.88E-05,-18984.62885,0.999162203
KIPJOK_clean,3.242592337,2.89E-05,-18447.38571,0.995062559
KIVFAX_clean,5.511731338,3.58E-05,-16172.82549,0.990190192
KIPKAX_clean,2.386222533,2.30E-05,-18117.99262,0.998031011
KIYMIQ_clean,5.283748514,4.32E-05,-20027.4312,0.998975228
KOBPUN_clean,2.362339707,1.98E-05,-20047.62471,0.992554259
KOJYEO_clean,5.545972967,0.000122722,-17569.58852,0.998981849
KOFPEB03_clean,2.710909422,0.000133982,-15799.94892,0.998573433
KIPKEB_clean,2.615940889,1.62E-05,-22249.90655,0.995106375
KOBPIB_clean,2.394861328,2.76E-05,-20583.54471,0.997298971
KOJCUI,1.44402076,7.80E-05,-17446.78291,0.998225994
KOFPEB05_clean,2.58158214,6.41E-05,-17865.01928,0.997082751
KOFPEB_clean,2.416168035,6.77E-05,-17839.47901,0.997592998
KOMGUP_clean,2.946502025,5.04E-05,-19727.52632,0.998648636
KOJZAL_clean,5.917402399,3.12E-05,-20778.82893,0.999550022
KUNWEW_clean,2.11921919,5.16E-05,-18766.68307,0.998878634
LABJUV_clean,1.193746901,7.16E-05,-16886.71701,0.998872957
KUDLUR_clean,2.12974721,7.32E-05,-17954.58952,0.995728569
KOMHAW_clean,2.477492904,4.29E-05,-18457.73309,0.998701469
KONYOB_clean,1.942274032,6.24E-05,-17389.90485,0.997904209
KUXLUL_clean,7.944954571,0.00014415,-14387.38313,0.999871106
KULRIT_clean,5.698491328,7.97E-05,-17035.7246,0.999881045
LACJAC_clean,2.050147741,7.25E-05,-19295.13283,0.999347406
LAGBUS_clean,5.161849391,9.55E-05,-15894.63065,0.999703593
LAGCUT_clean,6.451486376,0.000112928,-14950.27925,0.999438005
LAGHIL_clean,3.558839686,8.94E-05,-19951.28874,0.999741058
LADHEF_clean,6.54294257,0.000105598,-15363.04662,0.99958629
LAGCED_clean,6.419498001,0.000162281,-13952.60654,0.999474886
LAGMUD_clean,6.801512258,2.31E-05,-22130.11026,0.997889982
LAGNOY_clean,6.346747699,8.43E-05,-17296.18071,0.998982068
LAGRIW_clean,2.548698368,9.89E-06,-22955.81695,0.998005352
LAGNIS_clean,7.025717183,2.20E-05,-21432.74056,0.998831675
LAGNEO_clean,7.567933126,5.98E-05,-18782.81768,0.998360248
LALPOF_clean,2.010020558,8.84E-05,-16989.51861,1
LAGRES_clean,2.677205594,1.57E-05,-21527.51189,0.998372307
LAGWEX_clean_h,5.14024489,0.000121002,-15772.89868,0.998949538
LASWEJ_clean,6.476524906,0.000116792,-16585.03967,0.999588981
LAGVOG_clean,11.40551846,0.000140549,-13328.34445,0.999811934
LALPIZ_clean,1.76083067,8.93E-05,-17224.76588,0.992366691
LASYOU_clean,11.92245557,0.000160251,-13485.82368,0.999816626
LAVSUY_clean,5.940472105,0.00010424,-16358.33951,0.999542161
LAVTOT_clean,4.372396424,0.000151108,-15254.83903,0.999226939
LAVTEJ_clean,5.144918062,0.000101173,-16074.19634,0.999483951
LAVTUZ_clean,4.592204187,0.000148348,-15589.11666,0.999485522
LAVTIN_clean,4.454279636,0.000153087,-15157.82262,0.999389655
LAZJAZ_clean,2.027805414,3.66E-05,-20912.82214,0.995351287
LAZLEF_clean,2.199717083,2.89E-05,-21256.26029,0.996540412
LAZSIQ,4.592382353,4.76E-05,-19295.98435,0.999516081
LAZKUU_clean,6.418469076,8.16E-05,-17128.73675,0.999705055
LAZGOK_manual,4.620927919,6.75E-05,-14127.63856,0.999040485
LAWGOG_clean,28.96329659,0.00025587,-8366.545391,0.999671914
LEGGEK_clean,3.938209154,1.33E-05,-24014.36708,0.999531383
LEGGIO_clean,5.80303508,0.00010466,-16962.15036,0.999755666
LAWGIA_clean,31.82427245,0.000149307,-9371.403602,0.999564258
LAWGUM_clean,31.68962402,0.000211299,-8543.899338,0.999695509
LELRUR_clean,6.91579961,6.65E-05,-17737.56694,0.998712137
LEGGOU_clean,1.62078878,1.59E-05,-22091.17387,0.996644708
LELMIA01_clean,3.665340477,0.000103128,-17700.10247,0.999491161
LEMNOH_clean,3.358425559,7.73E-05,-16988.99721,0.999139942
LEJBUX_clean,11.97539389,0.000175198,-10046.58721,0.999638279
LERNAY01_clean,1.866422086,2.46E-05,-22032.19512,0.993114247
LESWAI_clean,3.726571015,8.86E-05,-18554.99623,0.999275257
LERNEC01_clean,1.994276023,3.15E-05,-21347.53038,0.996722173
LETFEW,1.317888507,0.000175576,-14863.32057,0.999742999
LETROT_clean,2.532631425,0.00012599,-18080.32568,0.999191445
LEVNOQ_clean,7.312200588,6.45E-05,-19085.68172,0.999201251
LERNAY02_clean,1.888976546,2.73E-05,-21590.05662,0.996631658
LEVYOC_clean,2.745740212,4.85E-05,-19932.36073,0.999551678
LEWTUD01_clean,1.933645981,3.35E-05,-20816.33976,0.99708178
LEWVAL_clean,1.847207549,3.82E-05,-21076.0301,0.998383621
LETRIN_clean,4.146067617,0.000131888,-16620.1001,0.998349108
LEVNOQ01_clean,6.923617492,6.21E-05,-19398.81202,0.998944887
LIDZUV_clean,1.494804191,4.38E-05,-24685.95532,0.999509651
LIGHAM_clean,4.91123957,5.51E-05,-18634.14232,0.999536824
LEZZEX_clean,1.439292354,4.41E-05,-23636.77061,0.996805281
LEWTUD_clean,2.555916043,1.35E-05,-21573.62861,0.997642423
LIDZOP_clean,1.442130672,4.54E-05,-23506.94777,0.997577323
LIHSIF_clean,1.581102048,8.36E-06,-21483.66966,0.998556451
LIKFOB_clean,3.943998516,2.54E-05,-20591.36942,0.998938559
LIFWOO_clean,5.111119398,4.38E-05,-21598.39748,0.99975349
LIXWAR01_clean,6.062813969,7.49E-05,-17967.21078,0.999833542
LIVTEP_clean,2.680028674,7.01E-05,-15313.189,0.999084936
LIJXEI_clean,1.469558139,3.18E-05,-20355.63856,0.99935894
LOFZUB_clean,5.984695068,2.17E-05,-23907.79582,0.996083306
LOLQIM_clean,2.437538214,6.55E-05,-20709.99133,0.998228563
LOBHAM_clean,8.506249388,4.62E-05,-17574.11414,0.999790754
LOQLEJ_manual,6.041879649,0.000197406,-14238.91597,0.997784306
LOWPUI_clean,3.986958721,0.000137504,-17833.08621,0.998570276
LOJFUL_clean,10.87293436,0.000290358,-12632.01176,0.998145619
LUFNAC03_clean,7.248147795,8.33E-05,-17337.80268,0.999432248
LUFNAC02_clean,7.397250211,9.51E-05,-16921.94844,0.999571701
LUFNAC05_clean,7.33079913,0.000100155,-16824.15532,0.999662858
LUFNAC04_clean,7.449629455,0.000122249,-16320.20595,0.999429208
LUFNAC_clean,7.136325819,7.91E-05,-17479.16784,0.999296895
LUFNEG_clean,5.940565071,4.32E-05,-20977.60174,0.999432035
LUCDIW_clean,12.26567421,0.000226659,-12879.21908,0.997125824
LUFQUZ02_clean,4.887316529,2.70E-05,-19452.82792,0.99710472
LUKRIS_clean,1.404539209,3.71E-05,-21035.10815,0.996586119
LULWUL_clean,4.924228737,5.05E-06,-24634.94544,0.998863226
LULXAS_clean,4.841828826,1.54E-05,-22420.6288,0.999328727
LOWQIX_clean,13.75496344,0.000189195,-10981.10507,0.99979007
LULJAE_clean,6.146157171,1.10E-05,-19773.61532,0.999331336
LUPTAS_clean,2.980474696,2.21E-05,-22598.86191,0.998985257
LUQGAG_clean,5.324027235,0.000167539,-16180.38015,0.99982795
LUMDEC_clean,4.130815515,0.000131407,-14678.80918,0.999591851
LUPHIN_clean,1.89124052,7.33E-05,-18691.66379,0.998777595
LUSHIR_clean,3.67600347,0.000120468,-18010.77893,0.999218415
LUSHOX02_clean,4.530697099,9.60E-05,-17622.27076,0.999527995
LUSHOX01_clean,4.434657773,0.000109441,-17340.87593,0.999526738
LUNBEB_clean,3.764353628,0.000270408,-9773.54968,0.99946011
LUSHOX_clean,4.498098078,9.27E-05,-17610.81629,0.999295816
LUSJAL_clean,2.70370765,2.56E-05,-22312.45452,0.998501012
LURGEL_clean,17.75108518,0.000265538,-11358.35105,0.999726515
LUSHUD_clean,3.406579108,4.17E-05,-21163.0618,0.999025502
LUSZIJ01_clean,2.529053344,1.04E-05,-21808.59367,0.991847089
LUSJEP_clean,4.137839054,0.00013663,-17576.92741,0.998949716
LUSZOP01_clean,2.686020474,9.44E-06,-21656.71362,0.997966213
LUSJIT_clean,4.163591967,0.000124903,-17475.72412,0.999298784
LUSZUV_clean,2.804064378,1.33E-05,-20744.52256,0.997072029
LUSZIJ_clean,2.739182768,1.22E-05,-20811.42234,0.999971079
LUTCEJ_clean,2.557254923,1.03E-05,-21701.43399,0.994542866
LUTDAG_clean,2.885627095,1.05E-05,-20967.95966,0.998279316
LUXDEO,3.10113918,4.38E-05,-21734.45313,0.995858198
LUTBUY_clean,2.782591143,1.35E-05,-20617.45102,0.99942416
LUSZOP_clean,2.769379173,6.35E-06,-22530.91488,0.994839701
LUTBEI_clean,2.676612421,9.14E-06,-21811.4429,0.994331406
MABJUV01_clean,1.905475331,6.33E-05,-20105.94866,0.999266378
MABJUV_clean,1.848268299,2.30E-05,-22570.63638,0.997623322
MABJOP_clean,1.952484372,4.03E-05,-20907.78428,0.996716593
MADVUJ_clean,1.787216558,7.59E-05,-19481.83546,0.998827017
MADWAQ_clean,2.066654724,9.96E-05,-18715.78604,0.999474638
MABKEG_clean,1.853285805,2.27E-05,-23071.41241,0.999206546
MAFZOK_clean,1.56020837,4.54E-05,-20308.42981,0.997822239
MABKIK01_clean,2.418611462,4.61E-05,-19894.53096,0.998659484
MAHTAR01_clean,3.369472635,7.45E-05,-19014.61248,0.998770728
MAHTAR_clean,3.308624299,5.76E-05,-19682.39145,0.998801272
MAJHOW_clean,3.449114376,4.47E-05,-20071.42622,0.998770911
LUTCIN_clean,4.778279902,1.90E-05,-17768.1174,0.999903607
LUYHAP_clean,17.87654645,0.000255433,-10497.7486,0.999529004
MAJHUC_clean,1.571165126,4.75E-05,-20057.84122,0.997116723
MAGBAZ_clean,10.15270594,0.000143224,-13065.6777,0.999588049
MAKXAZ_clean,3.032351037,7.51E-05,-19859.55356,0.998779701
MAPFIS_clean,6.09377202,8.25E-05,-17902.28285,0.9993898
MATTUX_clean,5.827808898,9.37E-05,-17648.76611,0.999571718
MARXEK_clean,4.480501935,0.000111213,-16170.81297,0.999270449
MATVIN_clean,1.614487244,7.37E-06,-24372.16624,0.990887657
MASZUD_clean,3.208435441,0.000122053,-16568.41967,0.999318188
MAZSUD_clean,6.031403614,7.87E-05,-16997.12973,0.999506603
MAZTIR_clean,2.542992982,1.62E-05,-20907.35111,0.996960763
MATVEJ_clean,17.79857963,0.000178108,-11883.29041,0.999822726
MEFYUT_clean,6.726348332,9.88E-05,-16891.65607,0.999282806
MAYYAN_clean,2.560629284,7.30E-05,-13662.88423,0.99547917
MEJZEI_clean,1.852113592,1.60E-05,-22325.66529,0.994140917
MEJQOJ_clean,3.829617603,7.30E-05,-19722.43416,0.998756687
MEKDUC_clean,2.235895507,6.41E-05,-20974.88871,0.999133452
MEJQID_clean,3.827782067,5.16E-05,-20510.30854,0.998814873
MEJQEZ_clean,3.427023648,0.000110584,-19264.12188,0.999334874
MECWEX_clean,8.206164915,0.00018785,-12443.79818,0.99884532
METYIU_clean,4.091461042,0.000130067,-14739.75028,0.999844584
MEGBAD_clean,12.21686184,0.0001335,-13182.54253,0.99979659
MEXJAC_clean,4.387265185,5.62E-05,-18985.02716,0.993875055
MICNIW_clean,4.574094651,6.61E-05,-18738.1007,0.999629036
MgMOF-74,11.05243109,0.000188672,-12644.05087,0.998794768
MICNES_clean,5.693734982,9.55E-05,-17590.28476,0.999569882
Mg-DOBDC,12.52212693,0.000185698,-12447.83504,0.999333269
MICPAQ_clean,4.892459102,6.34E-05,-18720.24381,0.999439675
MIDRAT_clean,4.295013246,2.03E-05,-21859.47429,0.998318141
MIBQAR18_clean,23.15358483,0.000256712,-8998.837916,0.999337365
MIFKUJ_clean,7.859217875,9.15E-05,-17021.75488,0.999799068
MICNOC_clean,4.41255424,3.13E-05,-19977.28405,0.998941406
MICNUI_clean,4.3156744,4.43E-05,-19670.541,0.999000863
MIFQEY_clean,1.879421773,0.000109217,-15146.90313,1
MIHBAG_clean,3.137855771,9.90E-05,-17000.25577,0.999301982
MIBQAR16_clean,27.19033618,0.000249141,-8648.060781,0.999786558
MIHLOF_clean,2.265179024,5.81E-05,-19252.29203,0.998606678
MIHLUL_clean,2.345348802,2.95E-05,-20997.01907,0.991037515
MIHMAS_clean,3.302739155,4.93E-05,-20103.24691,0.998830462
MIKJAR_clean,1.505309433,5.97E-05,-20760.4802,0.996141572
MIHLIZ_clean,2.076709858,1.04E-05,-24045.23401,0.997807436
MIBQAR_clean,38.28662615,0.000219956,-8006.995452,0.999748646
MIL-47,9.304599073,0.000138706,-13884.81504,0.998908678
MITGIF_clean,1.355791692,2.68E-06,-23293.60808,0.999367212
MINVUA_clean,7.868671411,6.77E-05,-15972.99112,0.998880791
MIL-88A-open,11.28189571,0.000133048,-11364.69479,0.999000257
MINVUA01_clean,9.012284757,0.000116807,-14243.59903,0.999495758
MITGOL_clean,2.385236583,1.85E-05,-21702.27331,0.993572038
MODPAW_clean,1.130852656,0.000108409,-16681.91603,0.99883176
MIZJUB_clean,10.69275009,0.000109206,-14415.8636,0.999697898
MIL-88C-open,29.06140234,0.000222949,-8838.870881,0.999796799
MOCKAR_clean,16.60615175,0.000250942,-11256.5011,0.999377975
MOF-69c,5.96294768,0.000127194,-15017.11064,0.999814759
MOF-70,4.044028774,6.61E-05,-18452.89912,0.9992884
MODNOI_clean,2.868863667,5.90E-05,-15304.58098,0.999094261
MOGXUB_clean,1.270199709,5.43E-06,-23033.33411,0.992866431
MODNUO_clean,2.904768258,5.83E-05,-15195.03859,0.999078884
MODNIC_clean,5.735112579,9.55E-05,-12367.80762,0.99966655
MOF-1-Dybtsev-dmol,14.10715631,0.00016077,-12582.20739,0.99956812
MOJJUR_clean,4.259321081,1.42E-05,-21410.98695,0.996047683
MOXJOZ,7.14035346,0.00016929,-14538.50476,0.999849707
MOXDIN01_clean,9.046109133,0.000146042,-13756.12905,0.99938255
MOYNEU_clean,2.504947271,8.48E-06,-23343.89731,0.999828998
MOYYEF_clean,7.707935674,0.000216569,-13508.56193,0.999061888
MUCLOM,8.286500913,0.000138727,-15035.49892,0.999699239
MOXNUJ_clean,14.11796052,0.000105419,-12776.15026,0.999275191
MOYYIJ_clean,10.37572993,0.000204937,-13237.35407,0.999592786
MUJRIT_clean,3.791393819,6.87E-05,-16641.27669,0.999765228
MULQOA_clean,6.409995103,8.21E-05,-16213.81451,0.999782655
MUKRIU_clean,1.270830676,6.42E-05,-18386.58153,0.998635029
MURCAD_clean,6.37880192,4.18E-05,-18691.64774,0.999142899
MURCOR_clean,2.639119414,0.000237117,-12262.4744,0.999424482
MUVGUG_clean,5.629522733,7.56E-05,-19396.32414,0.996659482
MUVHAN_clean,5.531389393,5.71E-05,-20018.30317,0.996091537
MURCIL_clean,2.908498307,0.000175116,-12563.89823,0.999059542
MUVHER_clean,5.728029576,6.04E-05,-19945.53524,0.997907262
MUVJIX_clean,4.324754607,4.39E-05,-19563.89971,0.999202531
MURTUO_clean,1.726429422,8.30E-05,-16318.22543,0.999139616
MUZHUL_clean,6.739506081,6.59E-05,-17362.80423,0.999591905
NADZEZ_clean,3.330245076,2.98E-05,-23445.95295,0.998787686
NABNUA_clean,1.304870738,2.10E-05,-23261.10403,0.998767898
NABMUA01_clean,6.680685079,9.07E-05,-17824.77066,0.999381939
NACVUI_clean,4.630080943,7.55E-05,-18492.4209,0.998780223
NABMUA_clean,6.550415468,5.57E-05,-19034.61713,0.998973294
NADZID_clean,3.236899317,6.40E-05,-21050.06849,0.998609831
NAKLIW_clean,6.874299919,3.92E-05,-19916.07657,0.99957767
MUWQEB_clean,12.35186539,0.000267856,-11218.64281,0.999815988
NAGBUU_clean,1.560570379,3.70E-05,-20775.91484,0.991338997
NAPZOV_clean,3.512823801,8.66E-05,-18718.72462,0.999372861
NAPZUB_clean,3.591684642,1.98E-05,-21709.97994,0.99913515
NAQLAT_clean,5.008958352,3.41E-05,-21003.53304,0.999047909
NAXVOY01_clean,3.042554503,8.75E-05,-17065.1538,0.999171811
NALYEG_clean,8.593254785,8.50E-05,-13657.59203,0.998837111
NAXVOY02_clean,3.091664744,5.05E-05,-18333.25225,0.998328691
NARTIL_clean,3.253584223,3.54E-05,-19706.57379,0.999422659
NAXVOY03_clean,3.091340105,8.79E-05,-17044.72898,0.998910635
NAZBAT_clean,8.095197864,7.34E-05,-18327.69399,0.999457971
NANMEW_clean,3.755914936,3.44E-05,-17753.42171,0.993035681
NATXOW_clean,2.282033828,0.000134457,-14116.05503,0.999675497
NEFTOJ,7.567882286,5.45E-05,-17957.25605,0.999785783
NAZZEV_clean,9.218880339,0.000125883,-14495.38015,0.999864013
NEDWAW_clean,13.36015897,0.000170705,-12599.47455,0.999804399
NEHNEV01_clean,1.795704453,1.30E-05,-22951.11139,0.994424043
NAYGUR_neutral,13.57836313,0.000130731,-12419.5029,0.998939039
NEDWIE_clean,16.69499868,0.00020551,-11192.11679,0.9997965
NEJRUR_clean,4.08080678,5.64E-05,-19283.11971,0.997715559
NEJSAY_clean,4.855383065,4.41E-05,-19061.97592,0.998681352
NEGGOX_clean,6.585572237,0.000201653,-11281.16914,0.999425669
NEJYUY_clean,7.687889222,0.000146048,-14281.979,0.999890136
NEJSEC_clean,3.534986244,7.30E-05,-19311.21192,0.99816958
NEJSOM_clean,6.696859773,4.85E-05,-19031.02042,0.999643991
NERMON_clean,2.128875106,3.74E-05,-17763.61104,0.998132817
NERSUA_clean,8.965411854,0.000122309,-14581.52122,0.999660199
NERVOV_clean,2.081338166,6.20E-05,-20740.91679,0.997465698
NESSOV_clean,5.840345234,7.82E-05,-18490.66438,0.999191868
NERTAH_clean,2.757747454,3.67E-05,-21412.31587,0.999186962
NERVIP_clean,1.777206696,0.000103758,-19915.23744,0.998913571
NEVVEQ_clean,2.839752653,3.51E-05,-22255.12099,0.998944505
NEKBEL_clean,3.348441788,7.84E-05,-13789.26982,0.999108446
NEVVAM_clean,4.161497584,0.00016295,-15302.12015,0.999311247
NIBBOR_clean,1.022445413,4.96E-06,-24651.88011,0.999997765
NEVJEF_clean,3.610269509,4.29E-05,-18613.71994,0.998996673
NEYBEZ_clean,2.965909168,3.48E-05,-22187.76869,0.999506993
NEVQAH,1.75194587,0.000126142,-16695.55025,0.99921388
NICJOA_clean,0.921785482,9.78E-05,-19493.75128,0.995624522
NIFTIH_clean,3.999197225,3.23E-05,-21446.53158,0.999658313
NICZAA01_clean,8.369385603,5.06E-06,-20746.91529,0.999105559
Ni-DOBDC,9.115182889,0.000234619,-11400.35744,0.999598003
NIGFIT_clean,8.645968261,0.000133141,-14198.02989,0.999295885
NIHBEM02_clean,2.556647147,6.25E-05,-16907.51863,0.999144057
NIGGEQ_clean,8.122518048,9.68E-05,-16674.64586,0.997375662
NIHBIQ01_clean,2.388282723,6.38E-05,-16935.16582,0.999102535
NIGGIU_clean,8.41713182,0.000187068,-13866.97483,0.999722735
NIHBIQ02_clean,2.371928091,9.80E-05,-16060.98266,0.999054149
NIHBEM01_clean,2.349056232,4.74E-05,-17675.45112,0.9996946
NIHBEM_clean,2.690201392,6.68E-05,-16461.19918,0.999483991
NIHBIQ_clean,2.446920349,8.39E-05,-16301.69959,0.999713516
NIKYOW02_clean,2.392374627,5.54E-05,-17233.61997,0.999057189
NIKDAM_clean,7.929510329,0.000101985,-14872.6341,0.999206052
NIKYOW_clean,2.357350015,2.32E-05,-19093.35887,0.99728532
NIJZIP01_clean,3.192920294,0.000206534,-11916.15138,0.999760599
NIKYUC01_clean,2.483095049,6.72E-05,-16754.00651,0.998550245
NIKYUC02_clean,2.535410644,9.04E-05,-15942.32322,0.998170125
NIKYUC_clean,2.409432873,5.38E-05,-17458.95976,0.999249946
NIKZAJ01_clean,2.416721742,4.66E-05,-17433.43737,0.998975099
NIKYOW01_clean,2.664906771,3.35E-05,-17785.53287,0.999469014
NIKZAJ02_clean,2.37983845,3.38E-05,-18422.14977,0.999270807
NIKZEN01_clean,2.384099153,8.39E-05,-16406.51316,0.998364837
NIKZEN02_clean,2.493054436,0.000125726,-15329.17371,0.997949739
NIKZEN_clean,2.190976479,6.92E-05,-17263.47031,0.997814377
NIKZAJ_clean,2.606308696,2.68E-05,-18372.98453,0.998610837
NOCLOH01_clean,3.945115799,9.36E-05,-18725.15903,0.997543433
NIRMUW_clean,1.820408879,1.20E-05,-24784.89285,0.995594758
NOCKOG_clean,5.053265053,7.55E-05,-19006.72459,0.99874769
NIVWIY_clean,1.728163389,1.24E-07,-33415.12266,0.99992251
NISCOJ_clean,2.423573418,2.80E-05,-22301.98755,0.998869804
NOCLOH02_clean,4.176341499,7.36E-05,-19015.9076,0.998128665
NOCKUM_clean,4.994939273,7.70E-05,-18442.2187,0.999334682
NOCLUN_clean,6.578981875,0.000129826,-15179.71722,0.999425007
NURMUJ_clean,7.299947286,2.26E-05,-19653.71351,0.99926724
NOCLOH03_clean,4.180940708,7.09E-05,-19146.88495,0.99965973
NUVWEH_clean,3.122372286,0.000139941,-14754.08028,0.998755085
NINHOH_clean,11.7203103,0.000241091,-8902.168186,0.999023252
NUYWEK_clean,1.499812744,2.72E-05,-19920.96295,0.997061981
NUVWIL_clean,4.790014604,0.000210946,-10702.39548,0.999349265
NUVYOT_clean,4.165210936,5.05E-05,-19404.9991,0.998540813
NUTQEZ_clean,15.04996502,0.000221203,-11583.26262,0.999793396
NUYWOU_clean,2.062012147,3.66E-05,-24245.26202,0.992460304
OBEDEE_clean,8.290076913,0.000117302,-15007.83049,0.999626004
OBUFEX_clean,6.475217853,6.28E-05,-17127.68299,0.999763821
OBODEQ_clean,5.622337896,4.08E-05,-20460.7173,0.998467589
OCACUR_clean,6.591782203,0.000106375,-16188.81782,0.999484971
NUTQAV_clean,17.51183926,0.000266215,-10462.46471,0.999298007
OBUBOC_manual,4.028720327,0.00013434,-12480.31225,0.999475761
OBUFIB_clean,2.67977208,3.41E-05,-19302.86414,0.996984859
OCUPOS_clean,3.132937165,1.74E-05,-23912.58026,0.998892753
ODODES_clean,7.2847107,8.47E-05,-16856.64066,0.99981045
OCUGEZ01_clean,7.363444641,2.40E-05,-19466.06691,0.997668842
ODODIW_clean,8.87173698,0.000115138,-15630.02141,0.9998265
OCUGEZ_clean,6.450407443,3.03E-05,-19237.76655,0.99713386
ODOXEK_clean,1.976238702,5.48E-05,-20951.00653,0.999101238
OFEHAK_clean,5.366357327,7.14E-05,-17911.77903,0.999867024
OFEHEO_clean,2.273311275,6.06E-05,-21747.00708,0.998493787
OFAWEZ_clean,15.53409769,0.000218509,-9957.803345,0.999661346
ODIMAQ_clean,3.439456541,0.000279818,-11016.65357,0.999337659
ODIXEG_clean,19.7484303,0.000358002,-9886.591627,0.999332728
OFESIC_clean,2.483513988,7.14E-05,-17552.82652,0.996762506
OFODET_clean,5.304582196,7.89E-05,-17498.99982,0.999603775
OFERUN02_clean_h,8.132271653,0.000201855,-12306.60631,0.999821522
OFUSEP_clean,2.688758081,5.78E-06,-22429.38041,0.998645783
OFERUN04,10.37736907,0.000156738,-12440.17329,0.999639961
OFAWAV_clean,18.17651338,0.000212949,-9591.863832,0.99976556
OFUYUL_clean,7.457098599,0.000118977,-15057.3149,0.999758057
OFODAP_clean,19.59953646,0.000176732,-10977.78989,0.999886798
OGAGEJ_clean,7.83398504,8.23E-05,-15893.86889,0.999652782
OHAKIS_clean,3.932136198,6.75E-05,-20808.99776,0.999195118
OGAGIN_clean,2.260473188,5.63E-05,-20817.79177,0.999525127
OGIYAF_clean,5.476657173,2.81E-06,-21605.42546,0.999217449
OJIWIO_clean,2.708451679,4.65E-05,-20636.6545,0.999192241
OHOLIH_clean,4.552014942,0.00010538,-18138.75271,0.999829878
OKITIM02_clean,2.64074536,3.86E-05,-22372.0091,0.997971386
OKITIM_clean,3.906659597,4.02E-05,-21658.13094,0.999520919
OKITAE_clean,1.703284765,1.37E-05,-23211.45145,0.998886104
